I01	mul	2	100	1	200
I02	mul	2	100	1000000	200000000
I03	mul	9007199254740993	1	1	9007199254740993
I04	mul	340282366920938463463374607431768211455	1	1	340282366920938463463374607431768211455
I05	mul	340282366920938463463374607431768211455	2	1	FINAL_U128_OVERFLOW
I06	mul	18446744073709551616	18446744073709551616	1	FINAL_U128_OVERFLOW
I07	mul	0	340282366920938463463374607431768211455	1	0
I08	mul	01	1	1	FORMAT
I09	mul	-1	1	1	FORMAT
I10	mul	1e3	1	1	FORMAT
I11	mul	1.0	1	1	FORMAT
I12	mul	340282366920938463463374607431768211456	1	1	RANGE
I13	fee	10000	1	0	1
I14	fee	10001	1	0	2
I15	fee	1	1	0	FEE_GE_RECEIVE
I16	fee	100	0	0	0
I17	fee	100	10001	0	BPS_RANGE
I18	fee	340282366920938463463374607431768211455	1	0	34028236692093846346337460743176822
I19	fee	340282366920938463463374607431768211455	2	0	68056473384187692692674921486353643
I20	fee	0	0	0	FEE_GE_RECEIVE
I21	add	340282366920938463463374607431768211455	1	0	FINAL_U128_OVERFLOW
I22	sub	0	1	0	UNDERFLOW
I23	sub	100	100	0	0
I24	mul	+1	1	1	FORMAT
I25	mul	 1	1	1	FORMAT
I26	fee	100	10000	0	FEE_GE_RECEIVE
I27	add	9007199254740992	1	0	9007199254740993
I28	mul	18446744073709551615	18446744073709551615	2	FINAL_U128_OVERFLOW
I29	mul	340282366920938463463374607431768211455	340282366920938463463374607431768211455	2	INTERMEDIATE_U256_OVERFLOW
I30	mul	340282366920938463463374607431768211455	340282366920938463463374607431768211455	0	0
I31	fee	340282366920938463463374607431768211455	10000	0	FEE_GE_RECEIVE
I32	mul	340282366920938463463374607431768211455	340282366920938463463374607431768211455	1	FINAL_U128_OVERFLOW
